date,product_id,category,sales,quantity,customer_rating,region,discount
2023-01-01,A,Electronics,1050.50,10,4,North,0
2023-01-02,B,Clothing,850.25,15,5,South,5
2023-01-03,C,Home,1200.00,8,3,East,10
2023-01-04,D,Sports,650.75,20,4,West,0
2023-01-05,E,Electronics,980.00,12,5,North,15
2023-01-06,A,Clothing,1100.50,18,4,South,0
2023-01-07,B,Home,750.25,6,3,East,5
2023-01-08,C,Sports,1300.00,25,5,West,10
2023-01-09,D,Electronics,890.75,11,4,North,0
2023-01-10,E,Clothing,1050.50,14,5,South,5
2023-01-11,A,Home,920.00,9,3,East,10
2023-01-12,B,Sports,1150.25,22,4,West,0
2023-01-13,C,Electronics,780.50,7,5,North,15
2023-01-14,D,Clothing,980.00,16,4,South,0
2023-01-15,E,Home,1100.75,10,3,East,5
2023-01-16,A,Sports,850.00,19,4,West,10
2023-01-17,B,Electronics,1250.50,13,5,North,0
2023-01-18,C,Clothing,720.25,5,3,South,5
2023-01-19,D,Home,980.00,17,4,East,10
2023-01-20,E,Sports,1050.75,21,5,West,0
2023-01-21,A,Electronics,890.50,8,4,North,15
2023-01-22,B,Clothing,1150.00,23,5,South,0
2023-01-23,C,Home,760.25,4,3,East,5
2023-01-24,D,Sports,1300.50,24,4,West,10
2023-01-25,E,Electronics,920.00,12,5,North,0
2023-01-26,A,Clothing,1050.75,20,4,South,5
2023-01-27,B,Home,850.50,11,3,East,10
2023-01-28,C,Sports,1100.00,26,5,West,0
2023-01-29,D,Electronics,780.25,9,4,North,15
2023-01-30,E,Clothing,1250.50,18,5,South,0
